C501,C502,C001,C101,C102,R001-0301
2025,P03,P01001,P114,P01,4
2025,P03,P01005,P114,P01,1
2025,P03,P02001,P114,P01,5
2025,P03,P02002,P114,P01,3
2025,P03,P02003,P114,P01,3
2025,P03,P02004,P114,P01,2
2025,P03,P03002,P114,P01,1
2025,P03,P03003,P114,P01,6
2025,P03,P03008,P114,P01,2
2025,P03,P04001,P114,P01,1
2025,P03,P04002,P114,P01,1
2025,P03,P04006,P114,P01,1
2025,P03,P05004,P114,P01,1
2025,P03,P05018,P114,P01,2
2025,P03,P05020,P114,P01,1
2025,P03,P05027,P114,P01,1
2025,P03,P05030,P114,P01,5
2025,P03,P05035,P114,P01,3
2025,P03,P06001,P114,P01,3
2025,P03,P06003,P114,P01,3
2025,P03,P06005,P114,P01,1
2025,P03,P06007,P114,P01,3
2025,P03,P06009,P114,P01,1
2025,P03,P06010,P114,P01,1
2025,P03,P07019,P114,P01,1
2025,P03,P07027,P114,P01,3
2025,P03,P07065,P114,P01,1
2025,P03,P07073,P114,P01,1
2025,P03,P07078,P114,P01,1
2025,P03,P07079,P114,P01,1
2025,P03,P07085,P114,P01,1
2025,P03,P07086,P114,P01,3
2025,P03,P07089,P114,P01,4
2025,P03,P07097,P114,P01,1
2025,P03,P07101,P114,P01,4
2025,P03,P07108,P114,P01,4
2025,P03,P07109,P114,P01,1
2025,P03,P08005,P114,P01,1
2025,P03,P08007,P114,P01,1
2025,P03,P08011,P114,P01,8
2025,P03,P08012,P114,P01,1
2025,P03,P08017,P114,P01,37
2025,P03,P08019,P114,P01,4
2025,P03,P08021,P114,P01,2
2025,P03,P08025,P114,P01,1
2025,P03,P08027,P114,P01,3
2025,P03,P08031,P114,P01,2
2025,P03,P08032,P114,P01,1
2025,P03,P08036,P114,P01,1
2025,P03,P08037,P114,P01,1
2025,P03,P08038,P114,P01,3
2025,P03,P08045,P114,P01,5
2025,P03,P08048,P114,P01,14
2025,P03,P08052,P114,P01,3
2025,P03,P08054,P114,P01,1
2025,P03,P08055,P114,P01,3
2025,P03,P08062,P114,P01,2
2025,P03,P09002,P114,P01,2
2025,P03,P09003,P114,P01,4
2025,P03,P09004,P114,P01,1
2025,P03,P09005,P114,P01,6
2025,P03,P09007,P114,P01,7
2025,P03,P09009,P114,P01,1
2025,P03,P09010,P114,P01,5
2025,P03,P09011,P114,P01,2
2025,P03,P09012,P114,P01,4
2025,P03,P09013,P114,P01,1
2025,P03,P09014,P114,P01,3
2025,P03,P09015,P114,P01,5
2025,P03,P09016,P114,P01,2
2025,P03,P10001,P114,P01,1
2025,P03,P10004,P114,P01,1
2025,P03,P10005,P114,P01,3
2025,P03,P10007,P114,P01,1
2025,P03,P10023,P114,P01,1
2025,P03,P10028,P114,P01,2
2025,P03,P11001,P114,P01,2
2025,P03,P11003,P114,P01,3
2025,P03,P11005,P114,P01,3
2025,P03,P11007,P114,P01,6
2025,P03,P11008,P114,P01,1
2025,P03,P11009,P114,P01,1
2025,P03,P11015,P114,P01,2
2025,P03,P11017,P114,P01,6
2025,P03,P11020,P114,P01,6
2025,P03,P11023,P114,P01,1
2025,P03,P11027,P114,P01,1
2025,P03,P11028,P114,P01,2
2025,P03,P11030,P114,P01,1
2025,P03,P11031,P114,P01,1
2025,P03,P11032,P114,P01,3
2025,P03,P11033,P114,P01,3
2025,P03,P11035,P114,P01,1
2025,P03,P11037,P114,P01,1
2025,P03,P11040,P114,P01,1
2025,P03,P11046,P114,P01,1
2025,P03,P12001,P114,P01,51
2025,P03,P12003,P114,P01,1
2025,P03,P12005,P114,P01,1
2025,P03,P12006,P114,P01,1
2025,P03,P12008,P114,P01,1
2025,P03,P12012,P114,P01,2
2025,P03,P12015,P114,P01,1
2025,P03,P12018,P114,P01,2
2025,P03,P12019,P114,P01,1
2025,P03,P12021,P114,P01,6
2025,P03,P12023,P114,P01,1
2025,P03,P12026,P114,P01,1
2025,P03,P12028,P114,P01,9
2025,P03,P12029,P114,P01,11
2025,P03,P12034,P114,P01,7
2025,P03,P12035,P114,P01,3
2025,P03,P12038,P114,P01,2
2025,P03,P12039,P114,P01,7
2025,P03,P12040,P114,P01,5
2025,P03,P12042,P114,P01,3
2025,P03,P12045,P114,P01,1
2025,P03,P12046,P114,P01,1
2025,P03,P12051,P114,P01,3
2025,P03,P12053,P114,P01,1
2025,P03,P12055,P114,P01,3
2025,P03,P12056,P114,P01,6
2025,P03,P12057,P114,P01,1
2025,P03,P12058,P114,P01,6
2025,P03,P12059,P114,P01,3
2025,P03,P12060,P114,P01,4
2025,P03,P12061,P114,P01,4
2025,P03,P12062,P114,P01,1
2025,P03,P12065,P114,P01,1
2025,P03,P12068,P114,P01,3
2025,P03,P12070,P114,P01,1
2025,P03,P12074,P114,P01,1
2025,P03,P12075,P114,P01,1
2025,P03,P13002,P114,P01,3
2025,P03,P13003,P114,P01,2
2025,P03,P13005,P114,P01,1
2025,P03,P13006,P114,P01,1
2025,P03,P13007,P114,P01,5
2025,P03,P13008,P114,P01,7
2025,P03,P13009,P114,P01,3
2025,P03,P13010,P114,P01,2
2025,P03,P13012,P114,P01,3
2025,P03,P13013,P114,P01,4
2025,P03,P13015,P114,P01,2
2025,P03,P13017,P114,P01,1
2025,P03,P13018,P114,P01,2
2025,P03,P13021,P114,P01,7
2025,P03,P13023,P114,P01,2
2025,P03,P13024,P114,P01,2
2025,P03,P13030,P114,P01,1
2025,P03,P13031,P114,P01,2
2025,P03,P13037,P114,P01,8
2025,P03,P13039,P114,P01,1
2025,P03,P13040,P114,P01,5
2025,P03,P13042,P114,P01,1
2025,P03,P13044,P114,P01,1
2025,P03,P13045,P114,P01,1
2025,P03,P13046,P114,P01,2
2025,P03,P13051,P114,P01,3
2025,P03,P13052,P114,P01,1
2025,P03,P13055,P114,P01,1
2025,P03,P13061,P114,P01,3
2025,P03,P13063,P114,P01,3
2025,P03,P13064,P114,P01,1
2025,P03,P13069,P114,P01,4
2025,P03,P13073,P114,P01,1
2025,P03,P13076,P114,P01,5
2025,P03,P13077,P114,P01,5
2025,P03,P13081,P114,P01,1
2025,P03,P13082,P114,P01,1
2025,P03,P13084,P114,P01,1
2025,P03,P14006,P114,P01,1
2025,P03,P14009,P114,P01,3
2025,P03,P14012,P114,P01,1
2025,P03,P14013,P114,P01,1
2025,P03,P14017,P114,P01,2
2025,P03,P14020,P114,P01,1
2025,P03,P14021,P114,P01,1
2025,P03,P14022,P114,P01,4
2025,P03,P14023,P114,P01,1
2025,P03,P14024,P114,P01,1
2025,P03,P14025,P114,P01,1
2025,P03,P14030,P114,P01,1
2025,P03,P14033,P114,P01,1
2025,P03,P14039,P114,P01,2
2025,P03,P14043,P114,P01,3
2025,P03,P14048,P114,P01,4
2025,P03,P14050,P114,P01,4
2025,P03,P14053,P114,P01,3
2025,P03,P14055,P114,P01,1
2025,P03,P14059,P114,P01,6
2025,P03,P14063,P114,P01,4
2025,P03,P14066,P114,P01,3
2025,P03,P14067,P114,P01,4
2025,P03,P14069,P114,P01,1
2025,P03,P14070,P114,P01,1
2025,P03,P14074,P114,P01,1
2025,P03,P14077,P114,P01,1
2025,P03,P14083,P114,P01,3
2025,P03,P14086,P114,P01,1
2025,P03,P14088,P114,P01,1
2025,P03,P14092,P114,P01,2
2025,P03,P14094,P114,P01,1
2025,P03,P14096,P114,P01,3
2025,P03,P14098,P114,P01,2
2025,P03,P14101,P114,P01,3
2025,P03,P14102,P114,P01,1
2025,P03,P14105,P114,P01,1
2025,P03,P14116,P114,P01,1
2025,P03,P14120,P114,P01,2
2025,P03,P14123,P114,P01,1
2025,P03,P14124,P114,P01,1
2025,P03,P15002,P114,P01,2
2025,P03,P15003,P114,P01,1
2025,P03,P15004,P114,P01,1
2025,P03,P15005,P114,P01,1
2025,P03,P15007,P114,P01,1
2025,P03,P15012,P114,P01,1
2025,P03,P15013,P114,P01,4
2025,P03,P15015,P114,P01,1
2025,P03,P15020,P114,P01,1
2025,P03,P15024,P114,P01,2
2025,P03,P15025,P114,P01,1
2025,P03,P15026,P114,P01,2
2025,P03,P15029,P114,P01,1
2025,P03,P15031,P114,P01,1
2025,P03,P15032,P114,P01,1
2025,P03,P15033,P114,P01,8
2025,P03,P15034,P114,P01,2
2025,P03,P15035,P114,P01,1
2025,P03,P15036,P114,P01,2
2025,P03,P15037,P114,P01,1
2025,P03,P15039,P114,P01,8
2025,P03,P15040,P114,P01,2
2025,P03,P15042,P114,P01,1
2025,P03,P15045,P114,P01,2
2025,P03,P15051,P114,P01,3
2025,P03,P15052,P114,P01,1
2025,P03,P15053,P114,P01,2
2025,P03,P15054,P114,P01,1
2025,P03,P15057,P114,P01,3
2025,P03,P15058,P114,P01,1
2025,P03,P15060,P114,P01,3
2025,P03,P15068,P114,P01,1
2025,P03,P15070,P114,P01,1
2025,P03,P15074,P114,P01,1
2025,P03,P15075,P114,P01,1
2025,P03,P15079,P114,P01,1
2025,P03,P15080,P114,P01,1
2025,P03,P15081,P114,P01,7
2025,P03,P15083,P114,P01,1
2025,P03,P15086,P114,P01,1
2025,P03,P15087,P114,P01,1
2025,P03,P15088,P114,P01,1
2025,P03,P15090,P114,P01,1
2025,P03,P15091,P114,P01,2
2025,P03,P15092,P114,P01,1
2025,P03,P15096,P114,P01,2
2025,P03,P15102,P114,P01,1
2025,P03,P15104,P114,P01,2
2025,P03,P15106,P114,P01,4
2025,P03,P15109,P114,P01,2
2025,P03,P15110,P114,P01,4
2025,P03,P15111,P114,P01,1
2025,P03,P15113,P114,P01,2
2025,P03,P15114,P114,P01,1
2025,P03,P15115,P114,P01,1
2025,P03,P15120,P114,P01,4
2025,P03,P15121,P114,P01,1
2025,P03,P15122,P114,P01,1
2025,P03,P15123,P114,P01,1
2025,P03,P15124,P114,P01,1
2025,P03,P16005,P114,P01,1
2025,P03,P16007,P114,P01,2
2025,P03,P16009,P114,P01,2
2025,P03,P16019,P114,P01,2
2025,P03,P16022,P114,P01,1
2025,P03,P16025,P114,P01,1
2025,P03,P16033,P114,P01,1
2025,P03,P16037,P114,P01,1
2025,P03,P16040,P114,P01,1
2025,P03,P16044,P114,P01,1
2025,P03,P16047,P114,P01,1
2025,P03,P16048,P114,P01,1
2025,P03,P16052,P114,P01,1
2025,P03,P16053,P114,P01,8
2025,P03,P16067,P114,P01,1
2025,P03,P16069,P114,P01,1
2025,P03,P16070,P114,P01,1
2025,P03,P16080,P114,P01,2
2025,P03,P16082,P114,P01,2
2025,P03,P16087,P114,P01,1
2025,P03,P16088,P114,P01,2
2025,P03,P16093,P114,P01,1
2025,P03,P16095,P114,P01,1
2025,P03,P16097,P114,P01,1
2025,P03,P16100,P114,P01,2
2025,P03,P16101,P114,P01,1
2025,P03,P16102,P114,P01,2
2025,P03,P16103,P114,P01,1
2025,P03,P16107,P114,P01,1
2025,P03,P16110,P114,P01,1
2025,P03,P16112,P114,P01,4
2025,P03,P17001,P114,P01,1
2025,P03,P17002,P114,P01,1
2025,P03,P17004,P114,P01,3
2025,P03,P17007,P114,P01,7
2025,P03,P17008,P114,P01,4
2025,P03,P17009,P114,P01,1
2025,P03,P17011,P114,P01,3
2025,P03,P17012,P114,P01,5
2025,P03,P17017,P114,P01,1
2025,P03,P17018,P114,P01,1
2025,P03,P17022,P114,P01,1
2025,P03,P17024,P114,P01,2
2025,P03,P17026,P114,P01,1
2025,P03,P17027,P114,P01,1
2025,P03,P17028,P114,P01,2
2025,P03,P17029,P114,P01,1
2025,P03,P17030,P114,P01,1
2025,P03,P17031,P114,P01,1
2025,P03,P17035,P114,P01,1
2025,P03,P18001,P114,P01,2
2025,P03,P18002,P114,P01,3
2025,P03,P18004,P114,P01,6
2025,P03,P18005,P114,P01,2
2025,P03,P18007,P114,P01,2
2025,P03,P18012,P114,P01,1
2025,P03,P18015,P114,P01,1
2025,P03,P18017,P114,P01,3
2025,P03,P18020,P114,P01,4
2025,P03,P19004,P114,P01,3
2025,P03,P19006,P114,P01,1
2025,P03,P19014,P114,P01,1
2025,P03,P19016,P114,P01,1
2025,P03,P19018,P114,P01,4
2025,P03,P19021,P114,P01,3
2025,P03,P19022,P114,P01,1
2025,P03,P19026,P114,P01,2
2025,P03,P19041,P114,P01,1
2025,P03,P19045,P114,P01,1
2025,P03,P20006,P114,P01,7
2025,P03,P20023,P114,P01,1
2025,P03,P20028,P114,P01,2
2025,P03,P20039,P114,P01,3
2025,P03,P20043,P114,P01,1
2025,P03,P20046,P114,P01,3
2025,P03,P20067,P114,P01,2
2025,P03,P20068,P114,P01,1
2025,P03,P20070,P114,P01,1
2025,P03,P20073,P114,P01,16
2025,P03,P20079,P114,P01,1
2025,P03,P20086,P114,P01,1
2025,P03,P20093,P114,P01,1
2025,P03,P20107,P114,P01,1
2025,P03,P20110,P114,P01,1
2025,P03,P20127,P114,P01,7
2025,P03,P20133,P114,P01,12
2025,P03,P20140,P114,P01,2
2025,P03,P20161,P114,P01,3
2025,P03,P20176,P114,P01,2
2025,P03,P20177,P114,P01,2
2025,P03,P20184,P114,P01,1
2025,P03,P20190,P114,P01,1
2025,P03,P20200,P114,P01,1
2025,P03,P20208,P114,P01,6
2025,P03,P20226,P114,P01,1
2025,P03,P20239,P114,P01,1
2025,P03,P20240,P114,P01,8
2025,P03,P20258,P114,P01,5
2025,P03,P20263,P114,P01,1
2025,P03,P20264,P114,P01,1
2025,P03,P20283,P114,P01,2
2025,P03,P20293,P114,P01,1
2025,P03,P20307,P114,P01,2
2025,P03,P20308,P114,P01,1
2025,P03,P20311,P114,P01,1
2025,P03,P20317,P114,P01,6
2025,P03,P20318,P114,P01,1
2025,P03,P20339,P114,P01,1
2025,P03,P20341,P114,P01,1
2025,P03,P20370,P114,P01,3
2025,P03,P20379,P114,P01,8
2025,P03,P20383,P114,P01,3
2025,P03,P20385,P114,P01,1
2025,P03,P20397,P114,P01,74
2025,P03,P20413,P114,P01,2
2025,P03,P20415,P114,P01,1
2025,P03,P20418,P114,P01,1
2025,P03,P20423,P114,P01,16
2025,P03,P20427,P114,P01,1
2025,P03,P20428,P114,P01,1
2025,P03,P20446,P114,P01,6
2025,P03,P20447,P114,P01,1
2025,P03,P20451,P114,P01,1
2025,P03,P20467,P114,P01,1
2025,P03,P20469,P114,P01,3
2025,P03,P20480,P114,P01,3
2025,P03,P20481,P114,P01,6
2025,P03,P20492,P114,P01,1
2025,P03,P20499,P114,P01,1
2025,P03,P20515,P114,P01,1
2025,P03,P20523,P114,P01,1
2025,P03,P20532,P114,P01,18
2025,P03,P20534,P114,P01,1
2025,P03,P20540,P114,P01,1
2025,P03,P21004,P114,P01,1
2025,P03,P21008,P114,P01,4
2025,P03,P21015,P114,P01,2
2025,P03,P21019,P114,P01,3
2025,P03,P21035,P114,P01,1
2025,P03,P21039,P114,P01,11
2025,P03,P21041,P114,P01,1
2025,P03,P21043,P114,P01,2
2025,P03,P21045,P114,P01,1
2025,P03,P21047,P114,P01,1
2025,P03,P21051,P114,P01,1
2025,P03,P21053,P114,P01,2
2025,P03,P21063,P114,P01,1
2025,P03,P21067,P114,P01,1
2025,P03,P21069,P114,P01,2
2025,P03,P21071,P114,P01,3
2025,P03,P21074,P114,P01,2
2025,P03,P21075,P114,P01,1
2025,P03,P21083,P114,P01,2
2025,P03,P21085,P114,P01,3
2025,P03,P21106,P114,P01,1
2025,P03,P21108,P114,P01,1
2025,P03,P21110,P114,P01,2
2025,P03,P21114,P114,P01,8
2025,P03,P21118,P114,P01,1
2025,P03,P21132,P114,P01,1
2025,P03,P21137,P114,P01,1
2025,P03,P21141,P114,P01,1
2025,P03,P21142,P114,P01,1
2025,P03,P21143,P114,P01,1
2025,P03,P21154,P114,P01,1
2025,P03,P21156,P114,P01,1
2025,P03,P21164,P114,P01,1
2025,P03,P21165,P114,P01,1
2025,P03,P21168,P114,P01,1
2025,P03,P21171,P114,P01,1
2025,P03,P21172,P114,P01,19
2025,P03,P21173,P114,P01,2
2025,P03,P21180,P114,P01,1
2025,P03,P21186,P114,P01,2
2025,P03,P21197,P114,P01,1
2025,P03,P21211,P114,P01,1
2025,P03,P22001,P114,P01,1
2025,P03,P22006,P114,P01,1
2025,P03,P22010,P114,P01,4
2025,P03,P22011,P114,P01,1
2025,P03,P22014,P114,P01,1
2025,P03,P22016,P114,P01,8
2025,P03,P23001,P114,P01,1
2025,P03,P23004,P114,P01,2
2025,P03,P23005,P114,P01,11
2025,P03,P23008,P114,P01,4
2025,P03,P23011,P114,P01,2
2025,P03,P24003,P114,P01,1
2025,P03,P24007,P114,P01,2
2025,P03,P24010,P114,P01,1
2025,P03,P24012,P114,P01,2
2025,P03,P24013,P114,P01,8
2025,P03,P24014,P114,P01,2
2025,P03,P24015,P114,P01,9
2025,P03,P24017,P114,P01,2
2025,P03,P24018,P114,P01,1
2025,P03,P24020,P114,P01,1
2025,P03,P24021,P114,P01,2
2025,P03,P24024,P114,P01,4
2025,P03,P24025,P114,P01,1
2025,P03,P24027,P114,P01,2
2025,P03,P24028,P114,P01,9
2025,P03,P24029,P114,P01,1
2025,P03,P24032,P114,P01,16
2025,P03,P24033,P114,P01,3
2025,P03,P24034,P114,P01,6
2025,P03,P24035,P114,P01,1
2025,P03,P24036,P114,P01,1
2025,P03,P24037,P114,P01,41
2025,P03,P24038,P114,P01,2
2025,P03,P24039,P114,P01,4
2025,P03,P24040,P114,P01,7
2025,P03,P24041,P114,P01,2
2025,P03,P24042,P114,P01,1
2025,P03,P24046,P114,P01,1
2025,P03,P24049,P114,P01,1
2025,P03,P24050,P114,P01,3
2025,P03,P24053,P114,P01,8
2025,P03,P24054,P114,P01,17
2025,P03,P24055,P114,P01,4
2025,P03,P24056,P114,P01,2
2025,P03,P24057,P114,P01,28
2025,P03,P25001,P114,P01,2
2025,P03,P25003,P114,P01,3
2025,P03,P25006,P114,P01,13
2025,P03,P25008,P114,P01,1
2025,P03,P25011,P114,P01,19
2025,P03,P25012,P114,P01,4
2025,P03,P25013,P114,P01,1
2025,P03,P25014,P114,P01,2
2025,P03,P25016,P114,P01,2
2025,P03,P25017,P114,P01,4
2025,P03,P25018,P114,P01,2
2025,P03,P26017,P114,P01,1
2025,P03,P26018,P114,P01,1
2025,P03,P26029,P114,P01,2
2025,P03,P26030,P114,P01,3
2025,P03,P26033,P114,P01,1
2025,P03,P26043,P114,P01,2
2025,P03,P26055,P114,P01,2
2025,P03,P27002,P114,P01,2
2025,P03,P27003,P114,P01,3
2025,P03,P27004,P114,P01,5
2025,P03,P27005,P114,P01,5
2025,P03,P27006,P114,P01,1
2025,P03,P27007,P114,P01,1
2025,P03,P27008,P114,P01,3
2025,P03,P27012,P114,P01,5
2025,P03,P27013,P114,P01,2
2025,P03,P27014,P114,P01,1
2025,P03,P28003,P114,P01,3
2025,P03,P28012,P114,P01,1
2025,P03,P28017,P114,P01,1
2025,P03,P28021,P114,P01,1
2025,P03,P28022,P114,P01,2
2025,P03,P28027,P114,P01,1
2025,P03,P28029,P114,P01,1
2025,P03,P28032,P114,P01,3
2025,P03,P28033,P114,P01,1
2025,P03,P28038,P114,P01,2
2025,P03,P28039,P114,P01,3
2025,P03,P28041,P114,P01,1
2025,P03,P29005,P114,P01,1
2025,P03,P29006,P114,P01,1
2025,P03,P29013,P114,P01,1
2025,P03,P29019,P114,P01,1
2025,P03,P29026,P114,P01,2
2025,P03,P29031,P114,P01,2
2025,P03,P29033,P114,P01,1
2025,P03,P29038,P114,P01,1
2025,P03,P29043,P114,P01,1
2025,P03,P30003,P114,P01,2
2025,P03,P30004,P114,P01,7
2025,P03,P30006,P114,P01,2
2025,P03,P30007,P114,P01,1
2025,P03,P30009,P114,P01,10
2025,P03,P30011,P114,P01,14
2025,P03,P30014,P114,P01,2
2025,P03,P30016,P114,P01,1
2025,P03,P30021,P114,P01,1
2025,P03,P30023,P114,P01,1
2025,P03,P30028,P114,P01,1
2025,P03,P30031,P114,P01,29
2025,P03,P30032,P114,P01,1
2025,P03,P30039,P114,P01,3
2025,P03,P30040,P114,P01,1
2025,P03,P30042,P114,P01,7
2025,P03,P30044,P114,P01,3
2025,P03,P30046,P114,P01,1
2025,P03,P30048,P114,P01,2
2025,P03,P30049,P114,P01,30
2025,P03,P30052,P114,P01,3
2025,P03,P30053,P114,P01,3
2025,P03,P30058,P114,P01,1
2025,P03,P30060,P114,P01,2
2025,P03,P30062,P114,P01,1
2025,P03,P30068,P114,P01,1
2025,P03,P30075,P114,P01,12
2025,P03,P30077,P114,P01,1
2025,P03,P30079,P114,P01,1
2025,P03,P30080,P114,P01,1
2025,P03,P30084,P114,P01,1
2025,P03,P30085,P114,P01,3
2025,P03,P30087,P114,P01,8
2025,P03,P30090,P114,P01,15
2025,P03,P30093,P114,P01,1
2025,P03,P30094,P114,P01,2
2025,P03,P30099,P114,P01,2
2025,P03,P30100,P114,P01,10
2025,P03,P30101,P114,P01,1
2025,P03,P30102,P114,P01,1
2025,P03,P30105,P114,P01,25
2025,P03,P30108,P114,P01,2
2025,P03,P30109,P114,P01,2
2025,P03,P30110,P114,P01,1
2025,P03,P30114,P114,P01,10
2025,P03,P30115,P114,P01,3
2025,P03,P30117,P114,P01,3
2025,P03,P30118,P114,P01,2
2025,P03,P30124,P114,P01,1
2025,P03,P30126,P114,P01,8
2025,P03,P30129,P114,P01,1
2025,P03,P30131,P114,P01,2
2025,P03,P30148,P114,P01,7
2025,P03,P30154,P114,P01,1
2025,P03,P30157,P114,P01,1
2025,P03,P30161,P114,P01,1
2025,P03,P30171,P114,P01,2
2025,P03,P30172,P114,P01,1
2025,P03,P30173,P114,P01,1
2025,P03,P30174,P114,P01,14
2025,P03,P30175,P114,P01,1
2025,P03,P30181,P114,P01,18
2025,P03,P30189,P114,P01,1
2025,P03,P30192,P114,P01,6
2025,P03,P30193,P114,P01,9
2025,P03,P30196,P114,P01,2
2025,P03,P30201,P114,P01,3
2025,P03,P30204,P114,P01,1
2025,P03,P31002,P114,P01,1
2025,P03,P31038,P114,P01,1
2025,P03,P31041,P114,P01,2
2025,P03,P31050,P114,P01,5
2025,P03,P31059,P114,P01,1
2025,P03,P31070,P114,P01,1
2025,P03,P31077,P114,P01,1
2025,P03,P31078,P114,P01,1
2025,P03,P31093,P114,P01,1
2025,P03,P31102,P114,P01,1
2025,P03,P32010,P114,P01,3
2025,P03,P32014,P114,P01,2
2025,P03,P32017,P114,P01,1
2025,P03,P32020,P114,P01,1
2025,P03,P32031,P114,P01,1
2025,P03,P32039,P114,P01,4
2025,P03,P32042,P114,P01,3
2025,P03,P32045,P114,P01,1
2025,P03,ZZZ,P114,P01,43
