C601,C602,R002-0601,R002-0602,R002-0603,R002-0604,R002-0605,R002-0606,R002-0607,R002-0608,R002-0609,R002-0610,R002-0611,R002-0612,R002-0613,
2024,P01,NA,NA,NA,NA,NA,"19,890",NA,NA,NA,"14,734",45,NA,NA,
2024,P02,NA,NA,NA,NA,NA,"19,862",NA,NA,NA,"14,713",45,NA,NA,
2024,P03,NA,NA,NA,NA,NA,"19,335",NA,NA,NA,"14,322",45,NA,NA,
2024,P04,NA,NA,NA,NA,NA,"21,149",NA,NA,NA,"15,666",45,NA,NA,
2024,P05,NA,NA,NA,NA,NA,"21,132",NA,NA,NA,"15,653",45,NA,NA,
2024,P06,NA,NA,NA,NA,NA,"20,718",NA,NA,NA,"15,347",45,NA,NA,
2024,P07,NA,NA,NA,NA,NA,"21,478",NA,NA,NA,"15,910",45,NA,NA,
2024,P08,NA,NA,NA,NA,NA,"21,489",NA,NA,NA,"15,918",45,NA,NA,
2024,P09,NA,NA,NA,NA,NA,"21,410",NA,NA,NA,"15,859",45,NA,NA,
2024,P10,NA,NA,NA,NA,NA,"21,642",NA,NA,NA,"16,031",45,NA,NA,
2024,P11,NA,NA,NA,NA,NA,"21,977",NA,NA,NA,"16,279",45,NA,NA,
2024,P12,NA,NA,NA,NA,NA,"22,068",NA,NA,NA,"16,346",45,NA,NA,
,,,,,,,,,,,,,,,
,,,,,,,,,,,,,,,
,,,,,,,,,,,,,,,
,,,,,,,,,,,,,,,
,,,,,,,,,,,,,,,
,,,,,,,,,,,,,,,
,,,,,,,,,,,,,,,
,,,,,,,,,,,,,,,
,,,,,,,,,,,,,,,
,,,,,,,,,,,,,,,
,,,,,,,,,,,,,,,
,,,,,,,,,,,,,,,
,,,,,,,,,,,,,,,
,,,,,,,,,,,,,,,
